{
  "reward": -1061689.7,
  "avg_queue_length": 534.1583333333333,
  "avg_waiting_time": 22575.933333333334,
  "throughput": 240.0,
  "ambulance_clearances": 0.0
}